srcMac| dstMac| ethType| srcIp| dstIp| ipProto| srcPort| dstPort|method|request version|search type|search target|uri,,
null|null|0x0800|192.168.1.240|239.255.255.250|17|50000|1900|M-SEARCH|HTTP/1.1|"""ssdp:discover"""|urn:schemas-upnp-org:device:basic:1|*,,
null|null|0x0800|192.168.1.240|239.255.255.250|17|50000|1900|M-SEARCH|HTTP/1.1|"""ssdp:discover"""|urn:schemas-upnp-org:device:basic:1|*,,
null|null|0x0800|192.168.1.240|239.255.255.250|17|50000|1900|M-SEARCH|HTTP/1.1|"""ssdp:discover"""|urn:Belkin:device:**|*,,
null|null|0x0800|192.168.1.240|239.255.255.250|17|50000|1900|M-SEARCH|HTTP/1.1|"""ssdp:discover"""|urn:schemas-upnp-org:device:basic:1|*,,
null|null|0x0800|192.168.1.159|192.168.1.239|17|1900|50000,,|null|null|null|null|null
null|null|0x0800|192.168.1.240|239.255.255.250|17|50000|1900|M-SEARCH|HTTP/1.1|"""ssdp:discover"""|urn:schemas-upnp-org:device:basic:1|*,,
null|null|0x0800|192.168.1.239|239.255.255.250|17|50000|1900|M-SEARCH|HTTP/1.1|"""ssdp:discover"""|urn:schemas-upnp-org:device:basic:1|*,,
null|null|0x0800|192.168.1.159|192.168.1.239|17|1900|50000,,|null|null|null|null|null
null|null|0x0800|192.168.1.239|239.255.255.250|17|50000|1900|M-SEARCH|HTTP/1.1|"""ssdp:discover"""|urn:schemas-upnp-org:device:basic:1|*,,
null|null|0x0800|192.168.1.159|192.168.1.239|17|1900|50000,,|null|null|null|null|null
null|null|0x0800|192.168.1.239|239.255.255.250|17|50000|1900|M-SEARCH|HTTP/1.1|"""ssdp:discover"""|urn:Belkin:device:**|*,,
null|null|0x0800|192.168.1.165|192.168.1.239|17|40771|50000,,|null|null|null|null|null
null|null|0x0800|192.168.1.165|192.168.1.239|17|57526|50000,,|null|null|null|null|null
null|null|0x0800|192.168.1.165|192.168.1.239|17|56589|50000,,|null|null|null|null|null
null|null|0x0800|192.168.1.165|192.168.1.239|17|42559|50000,,|null|null|null|null|null
null|null|0x0800|192.168.1.165|192.168.1.239|17|39524|50000,,|null|null|null|null|null
null|null|0x0800|192.168.1.165|192.168.1.239|17|48034|50000,,|null|null|null|null|null
null|null|0x0800|192.168.1.165|192.168.1.239|17|51683|50000,,|null|null|null|null|null
null|null|0x0800|192.168.1.165|192.168.1.239|17|51422|50000,,|null|null|null|null|null
null|null|0x0800|192.168.1.165|192.168.1.239|17|58719|50000,,|null|null|null|null|null
null|null|0x0800|192.168.1.165|192.168.1.239|17|34612|50000,,|null|null|null|null|null
null|null|0x0800|192.168.1.165|192.168.1.239|17|57535|50000,,|null|null|null|null|null
null|null|0x0800|192.168.1.165|192.168.1.239|17|39668|50000,,|null|null|null|null|null
null|null|0x0800|192.168.1.165|192.168.1.239|17|32826|50000,,|null|null|null|null|null
null|null|0x0800|192.168.1.165|192.168.1.239|17|59573|50000,,|null|null|null|null|null
null|null|0x0800|192.168.1.165|192.168.1.239|17|45423|50000,,|null|null|null|null|null
null|null|0x0800|192.168.1.165|192.168.1.239|17|45556|50000,,|null|null|null|null|null
null|null|0x0800|192.168.1.165|192.168.1.239|17|37628|50000,,|null|null|null|null|null
null|null|0x0800|192.168.1.165|192.168.1.239|17|48181|50000,,|null|null|null|null|null
null|null|0x0800|192.168.1.165|192.168.1.239|17|35094|50000,,|null|null|null|null|null
null|null|0x0800|192.168.1.165|192.168.1.239|17|49000|50000,,|null|null|null|null|null
null|null|0x0800|192.168.1.165|192.168.1.239|17|37767|50000,,|null|null|null|null|null
null|null|0x0800|192.168.1.165|192.168.1.239|17|33041|50000,,|null|null|null|null|null
null|null|0x0800|192.168.1.159|192.168.1.239|17|1900|50000,,|null|null|null|null|null
null|null|0x0800|192.168.1.165|192.168.1.239|17|33524|50000,,|null|null|null|null|null
null|null|0x0800|192.168.1.165|192.168.1.239|17|43655|50000,,|null|null|null|null|null
null|null|0x0800|192.168.1.165|192.168.1.239|17|55286|50000,,|null|null|null|null|null
null|null|0x0800|192.168.1.165|192.168.1.239|17|52171|50000,,|null|null|null|null|null
null|null|0x0800|192.168.1.165|192.168.1.239|17|41612|50000,,|null|null|null|null|null
null|null|0x0800|192.168.1.165|192.168.1.239|17|38542|50000,,|null|null|null|null|null
null|null|0x0800|192.168.1.165|192.168.1.239|17|40375|50000,,|null|null|null|null|null
null|null|0x0800|192.168.1.165|192.168.1.239|17|53559|50000,,|null|null|null|null|null
null|null|0x0800|192.168.1.240|239.255.255.250|17|50000|1900|M-SEARCH|HTTP/1.1|"""ssdp:discover"""|urn:Belkin:device:**|*,,
null|null|0x0800|192.168.1.239|239.255.255.250|17|50000|1900|M-SEARCH|HTTP/1.1|"""ssdp:discover"""|urn:Belkin:device:**|*,,
null|null|0x0800|192.168.1.165|192.168.1.239|17|48746|50000,,|null|null|null|null|null
null|null|0x0800|192.168.1.165|192.168.1.239|17|52374|50000,,|null|null|null|null|null
null|null|0x0800|192.168.1.165|192.168.1.239|17|54282|50000,,|null|null|null|null|null
null|null|0x0800|192.168.1.165|192.168.1.239|17|58204|50000,,|null|null|null|null|null
null|null|0x0800|192.168.1.165|192.168.1.239|17|38910|50000,,|null|null|null|null|null
null|null|0x0800|192.168.1.165|192.168.1.239|17|56433|50000,,|null|null|null|null|null
null|null|0x0800|192.168.1.165|192.168.1.239|17|45163|50000,,|null|null|null|null|null
null|null|0x0800|192.168.1.165|192.168.1.239|17|47693|50000,,|null|null|null|null|null
null|null|0x0800|192.168.1.165|192.168.1.239|17|42669|50000,,|null|null|null|null|null
null|null|0x0800|192.168.1.165|192.168.1.239|17|40398|50000,,|null|null|null|null|null
null|null|0x0800|192.168.1.165|192.168.1.239|17|41200|50000,,|null|null|null|null|null
null|null|0x0800|192.168.1.165|192.168.1.239|17|55847|50000,,|null|null|null|null|null
null|null|0x0800|192.168.1.165|192.168.1.239|17|41826|50000,,|null|null|null|null|null
null|null|0x0800|192.168.1.165|192.168.1.239|17|49481|50000,,|null|null|null|null|null
null|null|0x0800|192.168.1.165|192.168.1.239|17|38922|50000,,|null|null|null|null|null
null|null|0x0800|192.168.1.165|192.168.1.239|17|53573|50000,,|null|null|null|null|null
null|null|0x0800|192.168.1.165|192.168.1.239|17|49840|50000,,|null|null|null|null|null
null|null|0x0800|192.168.1.165|192.168.1.239|17|40013|50000,,|null|null|null|null|null
null|null|0x0800|192.168.1.165|192.168.1.239|17|48297|50000,,|null|null|null|null|null
null|null|0x0800|192.168.1.165|192.168.1.239|17|55726|50000,,|null|null|null|null|null
null|null|0x0800|192.168.1.165|192.168.1.239|17|45797|50000,,|null|null|null|null|null
null|null|0x0800|192.168.1.165|192.168.1.239|17|36181|50000,,|null|null|null|null|null
null|null|0x0800|192.168.1.165|192.168.1.239|17|58482|50000,,|null|null|null|null|null
null|null|0x0800|192.168.1.165|192.168.1.239|17|41400|50000,,|null|null|null|null|null
null|null|0x0800|192.168.1.165|192.168.1.239|17|57963|50000,,|null|null|null|null|null
null|null|0x0800|192.168.1.165|192.168.1.239|17|37695|50000,,|null|null|null|null|null
null|null|0x0800|192.168.1.165|192.168.1.239|17|58679|50000,,|null|null|null|null|null
null|null|0x0800|192.168.1.165|192.168.1.239|17|45105|50000,,|null|null|null|null|null
null|null|0x0800|192.168.1.165|192.168.1.239|17|52814|50000,,|null|null|null|null|null
null|null|0x0800|192.168.1.165|192.168.1.239|17|54370|50000,,|null|null|null|null|null
null|null|0x0800|192.168.1.165|192.168.1.239|17|57224|50000,,|null|null|null|null|null
null|null|0x0800|192.168.1.165|192.168.1.239|17|40701|50000,,|null|null|null|null|null
null|null|0x0800|192.168.1.165|192.168.1.239|17|38162|50000,,|null|null|null|null|null
null|null|0x0800|192.168.1.165|192.168.1.239|17|54105|50000,,|null|null|null|null|null
null|null|0x0800|192.168.1.165|192.168.1.239|17|49073|50000,,|null|null|null|null|null
null|null|0x0800|192.168.1.165|192.168.1.239|17|56786|50000,,|null|null|null|null|null
null|null|0x0800|192.168.1.165|192.168.1.239|17|59150|50000,,|null|null|null|null|null
null|null|0x0800|192.168.1.165|192.168.1.239|17|41908|50000,,|null|null|null|null|null
null|null|0x0800|192.168.1.165|192.168.1.239|17|60014|50000,,|null|null|null|null|null
null|null|0x0800|192.168.1.165|192.168.1.239|17|54606|50000,,|null|null|null|null|null
null|null|0x0800|192.168.1.165|192.168.1.239|17|59504|50000,,|null|null|null|null|null
null|null|0x0800|192.168.1.165|192.168.1.239|17|44542|50000,,|null|null|null|null|null
null|null|0x0800|192.168.1.165|192.168.1.239|17|39370|50000,,|null|null|null|null|null
null|null|0x0800|192.168.1.165|192.168.1.239|17|43341|50000,,|null|null|null|null|null
null|null|0x0800|192.168.1.165|192.168.1.239|17|52961|50000,,|null|null|null|null|null
null|null|0x0800|192.168.1.165|192.168.1.239|17|56174|50000,,|null|null|null|null|null
null|null|0x0800|192.168.1.165|192.168.1.239|17|47799|50000,,|null|null|null|null|null
null|null|0x0800|192.168.1.165|192.168.1.239|17|34407|50000,,|null|null|null|null|null
null|null|0x0800|192.168.1.165|192.168.1.239|17|41751|50000,,|null|null|null|null|null
null|null|0x0800|192.168.1.165|192.168.1.239|17|51953|50000,,|null|null|null|null|null
null|null|0x0800|192.168.1.165|192.168.1.239|17|42204|50000,,|null|null|null|null|null
null|null|0x0800|192.168.1.165|192.168.1.239|17|34358|50000,,|null|null|null|null|null
null|null|0x0800|192.168.1.165|192.168.1.239|17|34224|50000,,|null|null|null|null|null
null|null|0x0800|192.168.1.165|192.168.1.239|17|32923|50000,,|null|null|null|null|null
null|null|0x0800|192.168.1.165|192.168.1.239|17|48915|50000,,|null|null|null|null|null
null|null|0x0800|192.168.1.165|192.168.1.239|17|50394|50000,,|null|null|null|null|null
null|null|0x0800|192.168.1.165|192.168.1.239|17|57077|50000,,|null|null|null|null|null
null|null|0x0800|192.168.1.165|192.168.1.239|17|48315|50000,,|null|null|null|null|null
null|null|0x0800|192.168.1.165|192.168.1.239|17|60814|50000,,|null|null|null|null|null
null|null|0x0800|192.168.1.165|192.168.1.239|17|36461|50000,,|null|null|null|null|null
null|null|0x0800|192.168.1.165|192.168.1.239|17|45815|50000,,|null|null|null|null|null
null|null|0x0800|192.168.1.165|192.168.1.239|17|58516|50000,,|null|null|null|null|null
null|null|0x0800|192.168.1.165|192.168.1.239|17|57444|50000,,|null|null|null|null|null
null|null|0x0800|192.168.1.165|192.168.1.239|17|42486|50000,,|null|null|null|null|null
null|null|0x0800|192.168.1.165|192.168.1.239|17|58157|50000,,|null|null|null|null|null
null|null|0x0800|192.168.1.165|192.168.1.239|17|54326|50000,,|null|null|null|null|null
null|null|0x0800|192.168.1.165|192.168.1.239|17|44131|50000,,|null|null|null|null|null
null|null|0x0800|192.168.1.165|192.168.1.239|17|51340|50000,,|null|null|null|null|null
null|null|0x0800|192.168.1.165|192.168.1.239|17|38124|50000,,|null|null|null|null|null
null|null|0x0800|192.168.1.165|192.168.1.239|17|50513|50000,,|null|null|null|null|null
null|null|0x0800|192.168.1.165|192.168.1.239|17|49525|50000,,|null|null|null|null|null
null|null|0x0800|192.168.1.165|192.168.1.239|17|54959|50000,,|null|null|null|null|null
null|null|0x0800|192.168.1.165|192.168.1.239|17|35530|50000,,|null|null|null|null|null
null|null|0x0800|192.168.1.165|192.168.1.239|17|40572|50000,,|null|null|null|null|null
null|null|0x0800|192.168.1.165|192.168.1.239|17|43555|50000,,|null|null|null|null|null
null|null|0x0800|192.168.1.165|192.168.1.239|17|33263|50000,,|null|null|null|null|null
null|null|0x0800|192.168.1.165|192.168.1.239|17|51357|50000,,|null|null|null|null|null
null|null|0x0800|192.168.1.165|192.168.1.239|17|40801|50000,,|null|null|null|null|null
null|null|0x0800|192.168.1.165|192.168.1.239|17|59104|50000,,|null|null|null|null|null
null|null|0x0800|192.168.1.165|192.168.1.239|17|36962|50000,,|null|null|null|null|null
null|null|0x0800|192.168.1.165|192.168.1.239|17|54468|50000,,|null|null|null|null|null
null|null|0x0800|192.168.1.165|192.168.1.239|17|59606|50000,,|null|null|null|null|null
null|null|0x0800|192.168.1.165|192.168.1.239|17|55554|50000,,|null|null|null|null|null
null|null|0x0800|192.168.1.165|192.168.1.239|17|60353|50000,,|null|null|null|null|null
null|null|0x0800|192.168.1.165|192.168.1.239|17|48827|50000,,|null|null|null|null|null
null|null|0x0800|192.168.1.165|192.168.1.239|17|60226|50000,,|null|null|null|null|null
null|null|0x0800|192.168.1.165|192.168.1.239|17|48822|50000,,|null|null|null|null|null
null|null|0x0800|192.168.1.165|192.168.1.239|17|56324|50000,,|null|null|null|null|null
null|null|0x0800|192.168.1.165|192.168.1.239|17|37127|50000,,|null|null|null|null|null
null|null|0x0800|192.168.1.165|192.168.1.239|17|43276|50000,,|null|null|null|null|null
null|null|0x0800|192.168.1.165|192.168.1.239|17|42913|50000,,|null|null|null|null|null
null|null|0x0800|192.168.1.165|192.168.1.239|17|57538|50000,,|null|null|null|null|null
null|null|0x0800|192.168.1.165|192.168.1.239|17|58601|50000,,|null|null|null|null|null
null|null|0x0800|192.168.1.165|192.168.1.239|17|36908|50000,,|null|null|null|null|null
null|null|0x0800|192.168.1.165|192.168.1.239|17|57797|50000,,|null|null|null|null|null
null|null|0x0800|192.168.1.165|192.168.1.239|17|60069|50000,,|null|null|null|null|null
null|null|0x0800|192.168.1.165|192.168.1.239|17|44356|50000,,|null|null|null|null|null
null|null|0x0800|192.168.1.165|192.168.1.239|17|43288|50000,,|null|null|null|null|null
null|null|0x0800|192.168.1.165|192.168.1.239|17|34606|50000,,|null|null|null|null|null
null|null|0x0800|192.168.1.165|192.168.1.239|17|37271|50000,,|null|null|null|null|null
null|null|0x0800|192.168.1.165|192.168.1.239|17|44350|50000,,|null|null|null|null|null
null|null|0x0800|192.168.1.165|192.168.1.239|17|43160|50000,,|null|null|null|null|null
null|null|0x0800|192.168.1.165|192.168.1.239|17|40665|50000,,|null|null|null|null|null
null|null|0x0800|192.168.1.165|192.168.1.239|17|40530|50000,,|null|null|null|null|null
null|null|0x0800|192.168.1.165|192.168.1.239|17|49122|50000,,|null|null|null|null|null
null|null|0x0800|192.168.1.165|192.168.1.239|17|47702|50000,,|null|null|null|null|null
null|null|0x0800|192.168.1.165|192.168.1.239|17|43033|50000,,|null|null|null|null|null
null|null|0x0800|192.168.1.165|192.168.1.239|17|35926|50000,,|null|null|null|null|null
null|null|0x0800|192.168.1.165|192.168.1.239|17|37154|50000,,|null|null|null|null|null
null|null|0x0800|192.168.1.165|192.168.1.239|17|58626|50000,,|null|null|null|null|null
null|null|0x0800|192.168.1.165|192.168.1.239|17|37159|50000,,|null|null|null|null|null
null|null|0x0800|192.168.1.165|192.168.1.239|17|56223|50000,,|null|null|null|null|null
null|null|0x0800|192.168.1.165|192.168.1.239|17|57552|50000,,|null|null|null|null|null
null|null|0x0800|192.168.1.165|192.168.1.239|17|52651|50000,,|null|null|null|null|null
null|null|0x0800|192.168.1.165|192.168.1.239|17|51588|50000,,|null|null|null|null|null
null|null|0x0800|192.168.1.165|192.168.1.239|17|43049|50000,,|null|null|null|null|null
null|null|0x0800|192.168.1.165|192.168.1.239|17|34979|50000,,|null|null|null|null|null
null|null|0x0800|192.168.1.165|192.168.1.239|17|52781|50000,,|null|null|null|null|null
null|null|0x0800|192.168.1.165|192.168.1.239|17|52718|50000,,|null|null|null|null|null
null|null|0x0800|192.168.1.165|192.168.1.239|17|43101|50000,,|null|null|null|null|null
null|null|0x0800|192.168.1.165|192.168.1.239|17|36284|50000,,|null|null|null|null|null
null|null|0x0800|192.168.1.165|192.168.1.239|17|46705|50000,,|null|null|null|null|null
null|null|0x0800|192.168.1.165|192.168.1.239|17|56683|50000,,|null|null|null|null|null
null|null|0x0800|192.168.1.165|192.168.1.239|17|48264|50000,,|null|null|null|null|null
null|null|0x0800|192.168.1.165|192.168.1.239|17|50336|50000,,|null|null|null|null|null
null|null|0x0800|192.168.1.165|192.168.1.239|17|55493|50000,,|null|null|null|null|null
null|null|0x0800|192.168.1.165|192.168.1.239|17|51539|50000,,|null|null|null|null|null
null|null|0x0800|192.168.1.165|192.168.1.239|17|44459|50000,,|null|null|null|null|null
null|null|0x0800|192.168.1.165|192.168.1.239|17|58825|50000,,|null|null|null|null|null
null|null|0x0800|192.168.1.165|192.168.1.239|17|60040|50000,,|null|null|null|null|null
null|null|0x0800|192.168.1.165|192.168.1.239|17|37378|50000,,|null|null|null|null|null
null|null|0x0800|192.168.1.165|192.168.1.239|17|48159|50000,,|null|null|null|null|null
null|null|0x0800|192.168.1.165|192.168.1.239|17|43136|50000,,|null|null|null|null|null
null|null|0x0800|192.168.1.165|192.168.1.239|17|36719|50000,,|null|null|null|null|null
null|null|0x0800|192.168.1.165|192.168.1.239|17|37083|50000,,|null|null|null|null|null
null|null|0x0800|192.168.1.165|192.168.1.239|17|41408|50000,,|null|null|null|null|null
null|null|0x0800|192.168.1.165|192.168.1.239|17|44041|50000,,|null|null|null|null|null
null|null|0x0800|192.168.1.165|192.168.1.239|17|48709|50000,,|null|null|null|null|null
null|null|0x0800|192.168.1.165|192.168.1.239|17|33491|50000,,|null|null|null|null|null
null|null|0x0800|192.168.1.165|192.168.1.239|17|35626|50000,,|null|null|null|null|null
null|null|0x0800|192.168.1.165|192.168.1.239|17|41550|50000,,|null|null|null|null|null
null|null|0x0800|192.168.1.165|192.168.1.239|17|59894|50000,,|null|null|null|null|null
null|null|0x0800|192.168.1.165|192.168.1.239|17|52598|50000,,|null|null|null|null|null
null|null|0x0800|192.168.1.165|192.168.1.239|17|50080|50000,,|null|null|null|null|null
null|null|0x0800|192.168.1.165|192.168.1.239|17|35746|50000,,|null|null|null|null|null
null|null|0x0800|192.168.1.165|192.168.1.239|17|46590|50000,,|null|null|null|null|null
null|null|0x0800|192.168.1.165|192.168.1.239|17|44064|50000,,|null|null|null|null|null
null|null|0x0800|192.168.1.165|192.168.1.239|17|41691|50000,,|null|null|null|null|null
null|null|0x0800|192.168.1.165|192.168.1.239|17|57246|50000,,|null|null|null|null|null
null|null|0x0800|192.168.1.165|192.168.1.239|17|57113|50000,,|null|null|null|null|null
null|null|0x0800|192.168.1.165|192.168.1.239|17|36884|50000,,|null|null|null|null|null
null|null|0x0800|192.168.1.165|192.168.1.239|17|39251|50000,,|null|null|null|null|null
null|null|0x0800|192.168.1.165|192.168.1.239|17|55940|50000,,|null|null|null|null|null
null|null|0x0800|192.168.1.165|192.168.1.239|17|43706|50000,,|null|null|null|null|null
null|null|0x0800|192.168.1.165|192.168.1.239|17|44904|50000,,|null|null|null|null|null
null|null|0x0800|192.168.1.165|192.168.1.239|17|48862|50000,,|null|null|null|null|null
null|null|0x0800|192.168.1.165|192.168.1.239|17|39697|50000,,|null|null|null|null|null
null|null|0x0800|192.168.1.165|192.168.1.239|17|59700|50000,,|null|null|null|null|null
null|null|0x0800|192.168.1.165|192.168.1.239|17|58893|50000,,|null|null|null|null|null
null|null|0x0800|192.168.1.165|192.168.1.239|17|33158|50000,,|null|null|null|null|null
null|null|0x0800|192.168.1.165|192.168.1.239|17|44388|50000,,|null|null|null|null|null
null|null|0x0800|192.168.1.165|192.168.1.239|17|58640|50000,,|null|null|null|null|null
null|null|0x0800|192.168.1.165|192.168.1.239|17|47603|50000,,|null|null|null|null|null
null|null|0x0800|192.168.1.165|192.168.1.239|17|46537|50000,,|null|null|null|null|null
null|null|0x0800|192.168.1.165|192.168.1.239|17|50271|50000,,|null|null|null|null|null
null|null|0x0800|192.168.1.165|192.168.1.239|17|34333|50000,,|null|null|null|null|null
null|null|0x0800|192.168.1.165|192.168.1.239|17|56253|50000,,|null|null|null|null|null
null|null|0x0800|192.168.1.165|192.168.1.239|17|38266|50000,,|null|null|null|null|null
null|null|0x0800|192.168.1.165|192.168.1.239|17|38007|50000,,|null|null|null|null|null
null|null|0x0800|192.168.1.165|192.168.1.239|17|59736|50000,,|null|null|null|null|null
null|null|0x0800|192.168.1.165|192.168.1.239|17|35785|50000,,|null|null|null|null|null
null|null|0x0800|192.168.1.165|192.168.1.239|17|37071|50000,,|null|null|null|null|null
null|null|0x0800|192.168.1.165|192.168.1.239|17|52438|50000,,|null|null|null|null|null
null|null|0x0800|192.168.1.165|192.168.1.239|17|53891|50000,,|null|null|null|null|null
null|null|0x0800|192.168.1.165|192.168.1.239|17|56935|50000,,|null|null|null|null|null
null|null|0x0800|192.168.1.165|192.168.1.239|17|32833|50000,,|null|null|null|null|null
null|null|0x0800|192.168.1.165|192.168.1.239|17|57293|50000,,|null|null|null|null|null
null|null|0x0800|192.168.1.165|192.168.1.239|17|46135|50000,,|null|null|null|null|null
null|null|0x0800|192.168.1.165|192.168.1.239|17|42438|50000,,|null|null|null|null|null
null|null|0x0800|192.168.1.165|192.168.1.239|17|37620|50000,,|null|null|null|null|null
null|null|0x0800|192.168.1.165|192.168.1.239|17|39185|50000,,|null|null|null|null|null
null|null|0x0800|192.168.1.165|192.168.1.239|17|35580|50000,,|null|null|null|null|null
null|null|0x0800|192.168.1.165|192.168.1.239|17|47212|50000,,|null|null|null|null|null
null|null|0x0800|192.168.1.165|192.168.1.239|17|41383|50000,,|null|null|null|null|null
null|null|0x0800|192.168.1.165|192.168.1.239|17|39195|50000,,|null|null|null|null|null
null|null|0x0800|192.168.1.165|192.168.1.239|17|44981|50000,,|null|null|null|null|null
null|null|0x0800|192.168.1.165|192.168.1.239|17|49615|50000,,|null|null|null|null|null
null|null|0x0800|192.168.1.165|192.168.1.239|17|47351|50000,,|null|null|null|null|null
null|null|0x0800|192.168.1.165|192.168.1.239|17|59468|50000,,|null|null|null|null|null
null|null|0x0800|192.168.1.165|192.168.1.239|17|39074|50000,,|null|null|null|null|null
null|null|0x0800|192.168.1.165|192.168.1.239|17|38713|50000,,|null|null|null|null|null
null|null|0x0800|192.168.1.165|192.168.1.239|17|47227|50000,,|null|null|null|null|null
null|null|0x0800|192.168.1.165|192.168.1.239|17|48559|50000,,|null|null|null|null|null
null|null|0x0800|192.168.1.165|192.168.1.239|17|53558|50000,,|null|null|null|null|null
null|null|0x0800|192.168.1.239|239.255.255.250|17|50000|1900|M-SEARCH|HTTP/1.1|"""ssdp:discover"""|urn:Belkin:device:**|*,,
null|null|0x0800|192.168.1.165|192.168.1.239|17|39398|50000,,|null|null|null|null|null
null|null|0x0800|192.168.1.165|192.168.1.239|17|47413|50000,,|null|null|null|null|null
null|null|0x0800|192.168.1.165|192.168.1.239|17|51171|50000,,|null|null|null|null|null
null|null|0x0800|192.168.1.165|192.168.1.239|17|58339|50000,,|null|null|null|null|null
null|null|0x0800|192.168.1.165|192.168.1.239|17|43980|50000,,|null|null|null|null|null
null|null|0x0800|192.168.1.165|192.168.1.239|17|43981|50000,,|null|null|null|null|null
null|null|0x0800|192.168.1.165|192.168.1.239|17|58460|50000,,|null|null|null|null|null
null|null|0x0800|192.168.1.165|192.168.1.239|17|40394|50000,,|null|null|null|null|null
null|null|0x0800|192.168.1.165|192.168.1.239|17|50807|50000,,|null|null|null|null|null
null|null|0x0800|192.168.1.165|192.168.1.239|17|41463|50000,,|null|null|null|null|null
null|null|0x0800|192.168.1.165|192.168.1.239|17|49709|50000,,|null|null|null|null|null
null|null|0x0800|192.168.1.165|192.168.1.239|17|48639|50000,,|null|null|null|null|null
null|null|0x0800|192.168.1.165|192.168.1.239|17|40271|50000,,|null|null|null|null|null
null|null|0x0800|192.168.1.165|192.168.1.239|17|47439|50000,,|null|null|null|null|null
null|null|0x0800|192.168.1.165|192.168.1.239|17|47566|50000,,|null|null|null|null|null
null|null|0x0800|192.168.1.165|192.168.1.239|17|56072|50000,,|null|null|null|null|null
null|null|0x0800|192.168.1.165|192.168.1.239|17|45173|50000,,|null|null|null|null|null
null|null|0x0800|192.168.1.165|192.168.1.239|17|35346|50000,,|null|null|null|null|null
null|null|0x0800|192.168.1.165|192.168.1.239|17|57150|50000,,|null|null|null|null|null
null|null|0x0800|192.168.1.165|192.168.1.239|17|34090|50000,,|null|null|null|null|null
null|null|0x0800|192.168.1.165|192.168.1.239|17|49410|50000,,|null|null|null|null|null
null|null|0x0800|192.168.1.165|192.168.1.239|17|45978|50000,,|null|null|null|null|null
null|null|0x0800|192.168.1.165|192.168.1.239|17|51995|50000,,|null|null|null|null|null
null|null|0x0800|192.168.1.165|192.168.1.239|17|38765|50000,,|null|null|null|null|null
null|null|0x0800|192.168.1.165|192.168.1.239|17|39704|50000,,|null|null|null|null|null
null|null|0x0800|192.168.1.165|192.168.1.239|17|35156|50000,,|null|null|null|null|null
null|null|0x0800|192.168.1.165|192.168.1.239|17|36372|50000,,|null|null|null|null|null
null|null|0x0800|192.168.1.165|192.168.1.239|17|55578|50000,,|null|null|null|null|null
null|null|0x0800|192.168.1.165|192.168.1.239|17|38773|50000,,|null|null|null|null|null
null|null|0x0800|192.168.1.165|192.168.1.239|17|39712|50000,,|null|null|null|null|null
null|null|0x0800|192.168.1.165|192.168.1.239|17|51746|50000,,|null|null|null|null|null
null|null|0x0800|192.168.1.165|192.168.1.239|17|43465|50000,,|null|null|null|null|null
null|null|0x0800|192.168.1.165|192.168.1.239|17|45993|50000,,|null|null|null|null|null
null|null|0x0800|192.168.1.165|192.168.1.239|17|35140|50000,,|null|null|null|null|null
null|null|0x0800|192.168.1.165|192.168.1.239|17|34073|50000,,|null|null|null|null|null
null|null|0x0800|192.168.1.165|192.168.1.239|17|39982|50000,,|null|null|null|null|null
null|null|0x0800|192.168.1.165|192.168.1.239|17|45733|50000,,|null|null|null|null|null
null|null|0x0800|192.168.1.165|192.168.1.239|17|38658|50000,,|null|null|null|null|null
null|null|0x0800|192.168.1.165|192.168.1.239|17|40719|50000,,|null|null|null|null|null
null|null|0x0800|192.168.1.165|192.168.1.239|17|37590|50000,,|null|null|null|null|null
null|null|0x0800|192.168.1.165|192.168.1.239|17|55465|50000,,|null|null|null|null|null
null|null|0x0800|192.168.1.165|192.168.1.239|17|56662|50000,,|null|null|null|null|null
null|null|0x0800|192.168.1.165|192.168.1.239|17|48377|50000,,|null|null|null|null|null
null|null|0x0800|192.168.1.165|192.168.1.239|17|38400|50000,,|null|null|null|null|null
null|null|0x0800|192.168.1.165|192.168.1.239|17|48380|50000,,|null|null|null|null|null
null|null|0x0800|192.168.1.165|192.168.1.239|17|51761|50000,,|null|null|null|null|null
null|null|0x0800|192.168.1.165|192.168.1.239|17|54451|50000,,|null|null|null|null|null
null|null|0x0800|192.168.1.165|192.168.1.239|17|51827|50000,,|null|null|null|null|null
null|null|0x0800|192.168.1.165|192.168.1.239|17|41136|50000,,|null|null|null|null|null
null|null|0x0800|192.168.1.165|192.168.1.239|17|46160|50000,,|null|null|null|null|null
null|null|0x0800|192.168.1.165|192.168.1.239|17|42335|50000,,|null|null|null|null|null
null|null|0x0800|192.168.1.165|192.168.1.239|17|54447|50000,,|null|null|null|null|null
null|null|0x0800|192.168.1.165|192.168.1.239|17|33636|50000,,|null|null|null|null|null
null|null|0x0800|192.168.1.165|192.168.1.239|17|35061|50000,,|null|null|null|null|null
null|null|0x0800|192.168.1.165|192.168.1.239|17|37402|50000,,|null|null|null|null|null
null|null|0x0800|192.168.1.165|192.168.1.239|17|38868|50000,,|null|null|null|null|null
null|null|0x0800|192.168.1.165|192.168.1.239|17|53258|50000,,|null|null|null|null|null
null|null|0x0800|192.168.1.165|192.168.1.239|17|53147|50000,,|null|null|null|null|null
null|null|0x0800|192.168.1.165|192.168.1.239|17|45822|50000,,|null|null|null|null|null
null|null|0x0800|192.168.1.165|192.168.1.239|17|51971|50000,,|null|null|null|null|null
null|null|0x0800|192.168.1.165|192.168.1.239|17|41165|50000,,|null|null|null|null|null
null|null|0x0800|192.168.1.165|192.168.1.239|17|42232|50000,,|null|null|null|null|null
null|null|0x0800|192.168.1.165|192.168.1.239|17|40931|50000,,|null|null|null|null|null
null|null|0x0800|192.168.1.165|192.168.1.239|17|40092|50000,,|null|null|null|null|null
null|null|0x0800|192.168.1.165|192.168.1.239|17|48203|50000,,|null|null|null|null|null
null|null|0x0800|192.168.1.165|192.168.1.239|17|49532|50000,,|null|null|null|null|null
null|null|0x0800|192.168.1.165|192.168.1.239|17|50788|50000,,|null|null|null|null|null
null|null|0x0800|192.168.1.165|192.168.1.239|17|47395|50000,,|null|null|null|null|null
null|null|0x0800|192.168.1.165|192.168.1.239|17|35033|50000,,|null|null|null|null|null
